id,Person,Activity,tBodyAcc-mean()-X,tBodyAcc-mean()-Y,tBodyAcc-mean()-Z,tBodyAcc-std()-X,tBodyAcc-std()-Y,tBodyAcc-std()-Z,tGravityAcc-mean()-X,tGravityAcc-mean()-Y,tGravityAcc-mean()-Z,tGravityAcc-std()-X,tGravityAcc-std()-Y,tGravityAcc-std()-Z,tBodyGyro-mean()-X,tBodyGyro-mean()-Y,tBodyGyro-mean()-Z,tBodyGyro-std()-X,tBodyGyro-std()-Y,tBodyGyro-std()-Z,tBodyAccMag-mean(),tBodyAccMag-std(),tGravityAccMag-mean(),tGravityAccMag-std(),tBodyGyroMag-mean(),tBodyGyroMag-std()
1,1,LAYING,0.221598244,-0.040513953,-0.113203554,-0.928056469,-0.836827406,-0.826061402,-0.248881798,0.705549773,0.44581772,-0.896830018,-0.907720007,-0.85236629,-0.016553094,-0.064486124,0.148689436,-0.873543868,-0.95109044,-0.908284663,-0.841929153,-0.795144864,-0.841929153,-0.795144864,-0.874759548,-0.81901017
2,2,LAYING,0.281373404,-0.01815874,-0.10724561,-0.974059465,-0.980277399,-0.984233297,-0.509754238,0.752536639,0.64683488,-0.959014441,-0.988211865,-0.984230418,-0.018476607,-0.111800825,0.144882846,-0.988275233,-0.982291609,-0.96030656,-0.977435485,-0.972873913,-0.977435485,-0.972873913,-0.95001157,-0.961164054
3,3,LAYING,0.275516853,-0.018955679,-0.101300478,-0.982776639,-0.962057545,-0.963691035,-0.241758478,0.8370321,0.488703185,-0.982512193,-0.98120275,-0.964807544,-0.020817054,-0.071850716,0.137999561,-0.974545752,-0.977272654,-0.963505609,-0.972791346,-0.964218176,-0.972791346,-0.964218176,-0.951564751,-0.954275111
4,4,LAYING,0.263559215,-0.015003184,-0.11068815,-0.954193739,-0.941714042,-0.962667315,-0.420664662,0.915165104,0.341531311,-0.921199966,-0.969816636,-0.976176609,-0.009231563,-0.093012818,0.169720404,-0.973102422,-0.961109292,-0.962073755,-0.954557603,-0.931292217,-0.954557603,-0.931292217,-0.930236463,-0.947031782
5,5,LAYING,0.278334326,-0.018304212,-0.107937604,-0.96593451,-0.969295613,-0.968562516,-0.483470598,0.954890346,0.263644692,-0.945695336,-0.985964054,-0.977076645,-0.021893501,-0.07987096,0.159894367,-0.979498707,-0.977427371,-0.960583777,-0.966777883,-0.958612786,-0.966777883,-0.958612786,-0.946938301,-0.958287922
6,6,LAYING,0.24865652,-0.010252917,-0.13311957,-0.934049422,-0.924644826,-0.9252161,-0.476709879,0.956593814,0.175867709,-0.88774631,-0.959161956,-0.928130738,-0.007960503,-0.107218315,0.179102058,-0.955378225,-0.943634949,-0.939141879,-0.918878851,-0.897326246,-0.918878851,-0.897326246,-0.908980175,-0.920914497
7,7,LAYING,0.250176694,-0.020441152,-0.101361037,-0.93651361,-0.926262669,-0.952978366,-0.502814251,0.393444278,0.907537823,-0.91422127,-0.955543549,-0.961908984,-0.002826419,-0.133605695,0.15592003,-0.960126823,-0.945071935,-0.955294891,-0.936392024,-0.907039513,-0.936392024,-0.907039513,-0.915793635,-0.918662459
8,8,LAYING,0.261254283,-0.021228173,-0.102245366,-0.943041215,-0.93489116,-0.932491454,-0.405930036,0.589922435,0.719831539,-0.918873192,-0.957990036,-0.941836263,0.005353612,-0.089137414,0.138188307,-0.965204018,-0.952039386,-0.967589755,-0.935308634,-0.91325033,-0.935308634,-0.91325033,-0.924253349,-0.932470764
9,9,LAYING,0.259195537,-0.020526822,-0.107549721,-0.94233309,-0.916292776,-0.940707285,-0.580252835,-0.119154196,0.957873042,-0.921821063,-0.969994488,-0.97120469,-0.013632036,-0.15890292,0.101275011,-0.94224651,-0.926618531,-0.96159537,-0.930868438,-0.9151268,-0.930868438,-0.9151268,-0.9071251,-0.898557874
10,10,LAYING,0.280230574,-0.024294484,-0.117168642,-0.968283685,-0.946454302,-0.959471486,-0.453069738,-0.139297681,-0.031121624,-0.954531942,-0.966701156,-0.963045642,-0.019555937,-0.077032566,0.104720478,-0.9617132,-0.953660208,-0.971940597,-0.95678182,-0.940301654,-0.95678182,-0.940301654,-0.937590999,-0.927471166
11,11,LAYING,0.280592971,-0.017659805,-0.108786578,-0.98477733,-0.972196874,-0.971311177,-0.134832031,0.943017941,0.11262019,-0.979565602,-0.99076558,-0.984192606,-0.019174384,-0.04155999,0.152019016,-0.980836885,-0.982442644,-0.959897433,-0.98062118,-0.972891829,-0.98062118,-0.972891829,-0.952523752,-0.954713183
12,12,LAYING,0.260113433,-0.017520392,-0.108160126,-0.95531868,-0.949072009,-0.948333844,-0.378592065,0.803378835,0.275043198,-0.936458309,-0.974396493,-0.959643956,-0.014654681,-0.083553735,0.145191848,-0.966090742,-0.953873894,-0.950157442,-0.948204676,-0.936542687,-0.948204676,-0.936542687,-0.930840594,-0.935725716
13,13,LAYING,0.27671636,-0.020440454,-0.104331865,-0.968891989,-0.95094795,-0.950392995,-0.156852206,0.656400944,0.598884989,-0.957875245,-0.975948136,-0.959892864,-0.0097361,-0.09662507,0.117819615,-0.97214347,-0.96270462,-0.967350514,-0.960517768,-0.947944747,-0.960517768,-0.947944747,-0.944303112,-0.944687481
14,14,LAYING,0.23327544,-0.011342465,-0.086833332,-0.917501887,-0.909697041,-0.900331922,-0.145483632,0.485396927,0.83656291,-0.862136937,-0.948774864,-0.901303856,0.005052212,-0.153423808,0.149124058,-0.957221015,-0.932499781,-0.952296965,-0.90597825,-0.856593119,-0.90597825,-0.856593119,-0.904665418,-0.913433186
15,15,LAYING,0.289475653,-0.016629654,-0.11853024,-0.972255552,-0.962759422,-0.929586835,-0.171993055,0.899242553,-0.036919291,-0.961509743,-0.986036192,-0.950710357,-0.016830089,-0.061970087,0.1134519,-0.957167681,-0.961142912,-0.956537052,-0.955340662,-0.943314108,-0.955340662,-0.943314108,-0.944605127,-0.924043008
16,16,LAYING,0.274227163,-0.016610351,-0.107310493,-0.973691429,-0.94306115,-0.965490276,-0.206783742,-0.019927023,0.893884469,-0.963761978,-0.966087104,-0.967886002,-0.016154541,-0.113675061,0.096621035,-0.97701077,-0.970747514,-0.984781485,-0.961834635,-0.957895928,-0.961834635,-0.957895928,-0.9517771,-0.959020036
17,17,LAYING,0.269780086,-0.016846201,-0.10700628,-0.972960567,-0.944792875,-0.9534767,-0.19913309,0.658792072,0.722657502,-0.961063222,-0.961466681,-0.957164565,-0.023475647,-0.094458019,0.11144049,-0.975893062,-0.971484336,-0.976200771,-0.953021411,-0.948257994,-0.953021411,-0.948257994,-0.960733122,-0.959325499
18,18,LAYING,0.274691577,-0.017393768,-0.107698928,-0.984527649,-0.986160921,-0.987658662,-0.220600509,0.719755404,0.605495318,-0.982715988,-0.994093523,-0.99095725,-0.025176181,-0.083758731,0.093778195,-0.992872598,-0.984202873,-0.985108386,-0.986456242,-0.986464543,-0.986456242,-0.986464543,-0.980740847,-0.980560878
19,19,LAYING,0.272653733,-0.017142686,-0.108981462,-0.96501958,-0.973449969,-0.984672837,-0.680043155,0.725646623,0.687623853,-0.958959611,-0.98699315,-0.988819032,-0.031207273,-0.095262801,0.108605114,-0.981357611,-0.963617706,-0.973197524,-0.966260807,-0.963193489,-0.966260807,-0.963193489,-0.953263433,-0.955906647
20,20,LAYING,0.239507882,-0.014440628,-0.104274323,-0.962249115,-0.96409818,-0.972571998,-0.472431416,0.864882957,0.477573305,-0.928674215,-0.976018477,-0.976518553,-0.023176062,-0.095489963,0.12368021,-0.984477414,-0.97294191,-0.972409894,-0.960743126,-0.939489445,-0.960743126,-0.939489445,-0.960447373,-0.962153598
21,21,LAYING,0.271325472,-0.018423305,-0.103253832,-0.955019866,-0.956959422,-0.945653788,-0.174349175,0.599992678,0.788251027,-0.945905271,-0.983732936,-0.952416332,-0.030512619,-0.113800486,0.098090652,-0.975411858,-0.952147091,-0.981345431,-0.952596583,-0.942186431,-0.952596583,-0.942186431,-0.94927889,-0.949289148
22,22,LAYING,0.279959721,-0.014262986,-0.110800925,-0.947735252,-0.913276302,-0.942945808,-0.418494577,0.632484076,0.771903907,-0.928781249,-0.958826939,-0.952435389,-0.020831137,-0.092572312,0.145003879,-0.956641906,-0.961884963,-0.933251871,-0.934993799,-0.909407761,-0.934993799,-0.909407761,-0.926616373,-0.923911566
23,23,LAYING,0.274038008,-0.021655384,-0.104256776,-0.956756363,-0.976309827,-0.973223495,-0.391564963,0.438434067,0.918782825,-0.947948758,-0.982794563,-0.976780462,-0.011339972,-0.105052917,0.111078595,-0.981849401,-0.959195236,-0.983920133,-0.962959197,-0.957871991,-0.962959197,-0.957871991,-0.949418001,-0.957227586
24,24,LAYING,0.272850495,-0.017355521,-0.107236237,-0.967984021,-0.983126462,-0.973566959,-0.359292534,0.738430699,0.68383991,-0.960412164,-0.993454358,-0.979239668,-0.014367993,-0.095553805,0.111730746,-0.98265172,-0.960299551,-0.981701361,-0.971854043,-0.969354834,-0.971854043,-0.969354834,-0.953791513,-0.957829935
25,25,LAYING,0.250791829,-0.018894366,-0.10042883,-0.909116474,-0.691770681,-0.717262004,-0.461102531,0.62065892,0.526353818,-0.829554948,-0.643578361,-0.610161166,0.003727235,-0.071640173,0.139718671,-0.88976964,-0.936630803,-0.91092799,-0.560477776,-0.649254768,-0.560477776,-0.649254768,-0.809688545,-0.85601737
26,26,LAYING,0.271645865,-0.019189573,-0.10500254,-0.969445445,-0.983231352,-0.984500013,-0.621309715,0.803015012,0.614523406,-0.944472489,-0.987887995,-0.984081709,-0.017065624,-0.090322923,0.152436344,-0.990328198,-0.979325679,-0.969302238,-0.976785042,-0.96435519,-0.976785042,-0.96435519,-0.951863595,-0.965676822
27,27,LAYING,0.274102492,-0.017986761,-0.107699733,-0.978455153,-0.983736044,-0.986636996,-0.530434605,0.567879494,0.84539238,-0.971183863,-0.993701743,-0.989056311,-0.019542733,-0.095783957,0.118738361,-0.988837212,-0.984287475,-0.978375,-0.982091652,-0.978920176,-0.982091652,-0.978920176,-0.966917594,-0.971915733
28,28,LAYING,0.275913483,-0.016753786,-0.108344853,-0.968888296,-0.94538678,-0.956450343,-0.490334542,0.144073275,0.015757003,-0.970599089,-0.969759029,-0.979124666,-0.017367706,-0.097448734,0.093579123,-0.95516228,-0.960057464,-0.962374912,-0.95811223,-0.95457403,-0.95811223,-0.95457403,-0.937106921,-0.928940913
29,29,LAYING,0.287295197,-0.017196548,-0.109462068,-0.984219556,-0.990240947,-0.98725515,-0.346789843,0.807535373,0.590452224,-0.97293989,-0.994247649,-0.985778178,-0.0258281,-0.076181436,0.127411972,-0.994276591,-0.992750958,-0.974994619,-0.986493197,-0.981572148,-0.986493197,-0.981572148,-0.971923623,-0.977040093
30,30,LAYING,0.281033901,-0.01944941,-0.103658151,-0.976362515,-0.954201824,-0.967044236,-0.344737755,0.732661248,0.681459211,-0.979563943,-0.988930715,-0.983274525,-0.026781222,-0.076147635,0.093847216,-0.973662822,-0.966041673,-0.968889156,-0.969829984,-0.960167907,-0.969829984,-0.960167907,-0.962284921,-0.951264441
31,1,SITTING,0.261237565,-0.001308288,-0.104544182,-0.977229008,-0.922618642,-0.939586291,0.831509933,0.204411593,0.332043703,-0.968457146,-0.935517056,-0.949040933,-0.045350057,-0.091924155,0.062931381,-0.977211283,-0.966473895,-0.941425921,-0.948536786,-0.927078419,-0.948536786,-0.927078419,-0.93089249,-0.93453184
32,2,SITTING,0.277087352,-0.015687994,-0.109218272,-0.98682228,-0.950704499,-0.959828172,0.940477273,-0.105630024,0.198726769,-0.979988761,-0.956750273,-0.954415873,-0.045470662,-0.05992868,0.041227746,-0.985742028,-0.978919527,-0.959803709,-0.967893624,-0.953081444,-0.967893624,-0.953081444,-0.946035087,-0.961313624
33,3,SITTING,0.257197599,-0.003502998,-0.09835792,-0.971010121,-0.856617812,-0.875110175,0.901098985,0.127303379,0.139020582,-0.957324458,-0.903923008,-0.897736318,-0.03853652,-0.075241003,0.094011398,-0.965434768,-0.944854571,-0.92641371,-0.89538335,-0.8703017,-0.89538335,-0.8703017,-0.919354372,-0.925518104
34,4,SITTING,0.27153828,-0.007163065,-0.105874596,-0.980309931,-0.890223981,-0.932203007,0.869303006,0.21162254,0.110120481,-0.981405295,-0.932727104,-0.950949255,-0.049443512,-0.089430061,0.101150335,-0.97013179,-0.95846812,-0.927972229,-0.93569482,-0.914407845,-0.93569482,-0.914407845,-0.926063314,-0.928898293
35,5,SITTING,0.27369414,-0.009900835,-0.1085403,-0.980945022,-0.904335121,-0.92609474,0.880731444,0.168445524,0.143006858,-0.983137542,-0.93994298,-0.945009,-0.042235521,-0.083548408,0.082393445,-0.966225485,-0.950064068,-0.940637937,-0.937978323,-0.920939028,-0.937978323,-0.920939028,-0.934301647,-0.93141481
36,6,SITTING,0.276778487,-0.014591162,-0.110127729,-0.980164934,-0.923682131,-0.925797097,0.933692935,0.068262866,0.069521966,-0.988872369,-0.960875995,-0.955475832,-0.037244228,-0.08990833,0.085434601,-0.957367682,-0.944130045,-0.939681351,-0.949543531,-0.931572656,-0.949543531,-0.931572656,-0.932703812,-0.921259473
37,7,SITTING,0.284674637,-0.014610976,-0.122464598,-0.972668375,-0.909454699,-0.856532941,0.969147824,0.006088466,0.064963625,-0.957082433,-0.945436265,-0.868602535,-0.049637972,-0.033611965,0.025947666,-0.941870953,-0.944124336,-0.937021209,-0.918432107,-0.88195762,-0.918432107,-0.88195762,-0.897870535,-0.898063314
38,8,SITTING,0.267491473,-0.006725506,-0.104461049,-0.979026152,-0.927331997,-0.93955303,0.832453878,0.240095117,0.263895186,-0.966757967,-0.937462301,-0.935475332,-0.054739699,-0.095508924,0.071604881,-0.984524053,-0.971500697,-0.959623548,-0.952139704,-0.929943616,-0.952139704,-0.929943616,-0.932682243,-0.953001632
39,9,SITTING,0.248326744,-0.027016777,-0.075378469,-0.957227791,-0.875141405,-0.832001873,0.916324511,-0.041425823,0.085263099,-0.955280406,-0.94645197,-0.885854112,-0.042328877,-0.041427118,0.080791929,-0.959020049,-0.919188226,-0.930176834,-0.893361718,-0.863756434,-0.893361718,-0.863756434,-0.903235537,-0.906606321
40,10,SITTING,0.270612056,-0.015042682,-0.104253239,-0.982901826,-0.91797953,-0.967826982,0.791887198,-0.041260775,0.202534573,-0.973128354,-0.935690006,-0.966898521,-0.043243218,-0.06799936,0.074595887,-0.988873097,-0.984373305,-0.960445962,-0.9607572,-0.939669591,-0.9607572,-0.939669591,-0.944202044,-0.963064578
41,11,SITTING,0.276590197,-0.014919562,-0.112840218,-0.982796562,-0.921402118,-0.968370182,0.871963798,0.213716306,0.188531696,-0.988069341,-0.949792572,-0.971661611,-0.039998492,-0.075528448,0.076173942,-0.988164912,-0.98224904,-0.952844312,-0.961970764,-0.944581826,-0.961970764,-0.944581826,-0.951884472,-0.959964488
42,12,SITTING,0.275007225,-0.015789299,-0.106307229,-0.982568782,-0.92858124,-0.939661889,0.926228975,0.083050901,0.08856407,-0.985203642,-0.963641979,-0.95620863,-0.042415918,-0.07519804,0.072846216,-0.974425352,-0.960497128,-0.951552533,-0.952176621,-0.9475171,-0.952176621,-0.9475171,-0.941907241,-0.946769242
43,13,SITTING,0.2743285,-0.005877329,-0.097246511,-0.989546275,-0.938967742,-0.938641216,0.925576512,0.101769752,0.075777386,-0.981379113,-0.951353065,-0.930979557,-0.035512486,-0.09026874,0.082343203,-0.985844263,-0.979668456,-0.966896414,-0.957690564,-0.937935739,-0.957690564,-0.937935739,-0.951142644,-0.963940591
44,14,SITTING,0.279990577,-0.008705655,-0.10040149,-0.976302248,-0.914935704,-0.922774836,0.93903876,-0.036453396,-0.094597053,-0.976280399,-0.950322664,-0.938415738,-0.044040333,-0.071347828,0.092852361,-0.980829981,-0.962048192,-0.952904384,-0.944197944,-0.92549583,-0.944197944,-0.92549583,-0.942756369,-0.947081158
45,15,SITTING,0.27290338,-0.011718847,-0.113661253,-0.987084356,-0.922407163,-0.949338025,0.890364262,0.210849305,0.00281566,-0.982620884,-0.943561412,-0.952973659,-0.037711113,-0.080342876,0.095197808,-0.988204115,-0.975321519,-0.963765803,-0.958669836,-0.937977906,-0.958669836,-0.937977906,-0.957331628,-0.963475075
46,16,SITTING,0.280768574,-0.010249794,-0.089140404,-0.986825605,-0.951607872,-0.939672247,0.942457378,-0.086588254,0.08926822,-0.980158243,-0.968023207,-0.945813561,-0.041201404,-0.057452543,0.079573631,-0.981037373,-0.958336596,-0.960287831,-0.961879681,-0.941051236,-0.961879681,-0.941051236,-0.946417382,-0.937942405
47,17,SITTING,0.27735702,-0.014156274,-0.113624085,-0.994443905,-0.96185863,-0.965729196,0.944883748,-0.002814673,-0.135803882,-0.990196617,-0.966720106,-0.956610644,-0.042549159,-0.066924593,0.08600538,-0.989638326,-0.986128681,-0.979705226,-0.972747346,-0.965065191,-0.972747346,-0.965065191,-0.967177744,-0.975410255
48,18,SITTING,0.277270019,-0.012869128,-0.111904776,-0.994347989,-0.974928131,-0.977572717,0.909816469,0.129886476,0.161877418,-0.994043771,-0.984035479,-0.978340183,-0.033305703,-0.068579634,0.084814051,-0.991956959,-0.986753344,-0.981525495,-0.983674152,-0.981595286,-0.983674152,-0.981595286,-0.977634992,-0.981372676
49,19,SITTING,0.273830316,-0.01673926,-0.108707654,-0.976357663,-0.950388944,-0.951929615,0.581371509,0.360343535,0.489126595,-0.96935501,-0.969969814,-0.960394961,-0.021415128,-0.052020789,0.096898072,-0.984625307,-0.95975831,-0.965594976,-0.962074066,-0.951755657,-0.962074066,-0.951755657,-0.942229044,-0.950491808
50,20,SITTING,0.278045439,-0.014722931,-0.108369635,-0.983081859,-0.936122705,-0.929106397,0.924454522,0.073338541,0.151679135,-0.985829034,-0.966983534,-0.935854966,-0.036405929,-0.065068935,0.064288214,-0.976309017,-0.960104509,-0.945771803,-0.952738043,-0.937764028,-0.952738043,-0.937764028,-0.939574436,-0.94106991
51,21,SITTING,0.277539617,-0.014400971,-0.112057888,-0.991777287,-0.966877561,-0.959567862,0.940031368,0.021520671,-0.056776606,-0.992936404,-0.979355363,-0.965426494,-0.019871282,-0.06530775,0.083132604,-0.988410501,-0.976380487,-0.976972659,-0.974734999,-0.971994251,-0.974734999,-0.971994251,-0.964971114,-0.971225062
52,22,SITTING,0.273583823,-0.012346845,-0.10582737,-0.978466824,-0.928059134,-0.917564854,0.839305929,0.208553884,0.315551492,-0.972009989,-0.954225015,-0.92795065,-0.036043068,-0.079361744,0.080442678,-0.981099172,-0.950173479,-0.946501418,-0.942167354,-0.924336184,-0.942167354,-0.924336184,-0.942077433,-0.933268487
53,23,SITTING,0.273351252,-0.013394502,-0.103808679,-0.987607637,-0.934933559,-0.90558439,0.936509243,0.121751063,0.063011156,-0.984536722,-0.960917426,-0.9239536,-0.047258346,-0.068432555,0.064567321,-0.980363734,-0.948109526,-0.959718633,-0.944080773,-0.924963263,-0.944080773,-0.924963263,-0.936593427,-0.937006097
54,24,SITTING,0.27347569,-0.01312551,-0.103041061,-0.990593767,-0.956255962,-0.957056111,0.919637604,0.182254652,0.109559621,-0.98966015,-0.971692545,-0.963406796,-0.035622962,-0.07501327,0.080044023,-0.988111649,-0.977954005,-0.971277654,-0.968979156,-0.963779683,-0.968979156,-0.963779683,-0.964633252,-0.969257163
55,25,SITTING,0.278541482,-0.014769681,-0.10916044,-0.991892829,-0.947457617,-0.965139552,0.865686078,0.208287142,0.167140956,-0.988879981,-0.963415017,-0.969459982,-0.035205209,-0.074800271,0.085278389,-0.989907584,-0.981193502,-0.972637559,-0.970409337,-0.960003414,-0.970409337,-0.960003414,-0.966568719,-0.970639126
56,26,SITTING,0.25824353,-0.007133645,-0.097444869,-0.979768988,-0.940798966,-0.950004414,0.782955612,0.223105562,0.314387627,-0.965082926,-0.949286701,-0.944580864,-0.037021745,-0.08406485,0.071110947,-0.991027701,-0.973444814,-0.966441338,-0.953079994,-0.933602783,-0.953079994,-0.933602783,-0.954052946,-0.964742022
57,27,SITTING,0.273941303,-0.01552698,-0.105521913,-0.988580108,-0.971579126,-0.965858735,0.839464714,0.212947021,0.276417431,-0.982445738,-0.982553337,-0.967268066,-0.037183082,-0.079734565,0.083375281,-0.988492425,-0.982067465,-0.97571331,-0.979481669,-0.969526675,-0.979481669,-0.969526675,-0.963565474,-0.970782133
58,28,SITTING,0.276977629,-0.018540444,-0.11151794,-0.983272807,-0.939905245,-0.936667246,0.907331309,-0.112596728,0.135402567,-0.9891325,-0.971766352,-0.95608768,-0.033901803,-0.067394385,0.087025401,-0.979671983,-0.956316506,-0.956632803,-0.955789709,-0.947782703,-0.955789709,-0.947782703,-0.955175567,-0.951065984
59,29,SITTING,0.277179978,-0.01663068,-0.110411819,-0.99074502,-0.963222498,-0.968063878,0.891563755,0.155659457,0.286256064,-0.984679152,-0.97360429,-0.966032045,-0.037927111,-0.075579767,0.058049597,-0.990178705,-0.98833402,-0.971227992,-0.978017022,-0.969290317,-0.978017022,-0.969290317,-0.962377332,-0.971578025
60,30,SITTING,0.268336081,-0.008047313,-0.099515446,-0.983622744,-0.937857001,-0.950654041,0.825473837,0.114588393,0.34476602,-0.978364712,-0.959361307,-0.956635663,-0.035842648,-0.074353558,0.07020026,-0.98813267,-0.976477562,-0.955053201,-0.957487221,-0.942901467,-0.957487221,-0.942901467,-0.955847324,-0.960641288
61,1,STANDING,0.278917629,-0.01613759,-0.110601818,-0.995759902,-0.973190056,-0.979775877,0.942952,-0.272983832,0.013490582,-0.993762985,-0.981225958,-0.976324064,-0.023987735,-0.059397221,0.074800751,-0.987191947,-0.98773444,-0.980645627,-0.984278207,-0.981942929,-0.984278207,-0.981942929,-0.976493793,-0.978690029
62,2,STANDING,0.277911472,-0.018420827,-0.105908536,-0.987271889,-0.957304989,-0.949741851,0.896928567,-0.370062697,0.129747161,-0.986685819,-0.97419442,-0.945927079,-0.023862388,-0.082039658,0.08783517,-0.97299863,-0.971441996,-0.964856702,-0.965875181,-0.957874965,-0.965875181,-0.957874965,-0.963466342,-0.95394338
63,3,STANDING,0.280046513,-0.014337656,-0.101621723,-0.966742543,-0.893449307,-0.911419015,0.935030779,-0.30173513,0.024763107,-0.982020428,-0.957425322,-0.928161577,-0.024662607,-0.058510192,0.066526205,-0.900462228,-0.927788618,-0.912364081,-0.925430819,-0.915143304,-0.925430819,-0.915143304,-0.892089349,-0.882125221
64,4,STANDING,0.280499746,-0.009489111,-0.096157491,-0.97692058,-0.861597379,-0.896880538,0.956197791,-0.075900906,0.166893826,-0.972908356,-0.917613465,-0.899404775,-0.030644934,-0.061824851,0.075563643,-0.909687974,-0.949227147,-0.909995039,-0.906478052,-0.890976683,-0.906478052,-0.890976683,-0.900982101,-0.885144318
65,5,STANDING,0.282544391,-0.007004186,-0.102171096,-0.968591816,-0.869439913,-0.869327322,0.960188699,-0.038710127,0.138638437,-0.974088206,-0.931973943,-0.914608496,-0.03227119,-0.050987505,0.069094576,-0.910395222,-0.933738104,-0.907471556,-0.906104701,-0.879773801,-0.906104701,-0.879773801,-0.900671631,-0.867041712
66,6,STANDING,0.280346249,-0.018123633,-0.112172832,-0.98175816,-0.921493192,-0.925692372,0.945139004,-0.230251036,0.013919347,-0.985583067,-0.968449101,-0.942795062,-0.028251913,-0.058982364,0.076739475,-0.947561299,-0.942486586,-0.947782156,-0.945022876,-0.93931025,-0.945022876,-0.93931025,-0.939404744,-0.915891573
67,7,STANDING,0.282723539,-0.014574034,-0.09977783,-0.97930757,-0.923400922,-0.917064168,0.958728688,-0.117607049,-0.051657372,-0.987917504,-0.966162999,-0.939161015,-0.029158221,-0.077433644,0.0851045,-0.945247687,-0.949646947,-0.951630777,-0.942724659,-0.933590157,-0.942724659,-0.933590157,-0.943425565,-0.918438959
68,8,STANDING,0.279620986,-0.014811307,-0.106114997,-0.988815418,-0.938479429,-0.926065255,0.957669921,-0.090460349,-0.097939202,-0.987690217,-0.958904114,-0.918293914,-0.021967198,-0.028011763,0.063688907,-0.97299038,-0.969421046,-0.974118322,-0.953762884,-0.937187185,-0.953762884,-0.937187185,-0.952848497,-0.95322479
69,9,STANDING,0.282310057,-0.020045495,-0.095274748,-0.975741252,-0.938635759,-0.919295806,0.961323502,-0.010383816,0.009147692,-0.98910316,-0.972573868,-0.932245295,-0.029183136,-0.060810158,0.099240933,-0.921990612,-0.94604664,-0.939889737,-0.945167482,-0.93610501,-0.945167482,-0.93610501,-0.921030223,-0.908291403
70,10,STANDING,0.276650301,-0.01554186,-0.107964084,-0.978403482,-0.919561843,-0.94127144,0.954008785,-0.043159783,0.034698021,-0.991259485,-0.975410724,-0.959579658,-0.028185433,-0.087682049,0.103251561,-0.929895058,-0.958861164,-0.9536811,-0.951988908,-0.937264538,-0.951988908,-0.937264538,-0.92978726,-0.92048681
71,11,STANDING,0.277715563,-0.017199089,-0.10868663,-0.994978879,-0.964173332,-0.986382713,0.956464536,-0.173082705,0.127198423,-0.994529398,-0.981047829,-0.989433254,-0.029314152,-0.076546504,0.081058822,-0.980242495,-0.994210472,-0.980636665,-0.984853837,-0.980305369,-0.984853837,-0.980305369,-0.979978011,-0.977071437
72,12,STANDING,0.277405835,-0.016900254,-0.105527,-0.981243992,-0.923140254,-0.9206848,0.957317822,-0.218865356,-0.039538277,-0.98531421,-0.970482615,-0.939534099,-0.030003043,-0.070008375,0.074256819,-0.883655252,-0.941469208,-0.950364758,-0.941459935,-0.935232945,-0.941459935,-0.935232945,-0.888101373,-0.852271618
73,13,STANDING,0.277758431,-0.016789199,-0.112124138,-0.991020759,-0.949422439,-0.967538032,0.942695297,-0.239943146,-0.052485661,-0.992232402,-0.974681226,-0.976827157,-0.029549216,-0.075320524,0.085471247,-0.955577396,-0.971721756,-0.973436596,-0.971564243,-0.968519674,-0.971564243,-0.968519674,-0.957825372,-0.944980198
74,14,STANDING,0.280545614,-0.015207813,-0.103817702,-0.973268905,-0.928525725,-0.922276312,0.875319569,-0.226692231,-0.338174889,-0.972005366,-0.965781048,-0.940757718,-0.022088653,-0.055810883,0.079047589,-0.961091762,-0.946280621,-0.946589135,-0.943456847,-0.936735577,-0.943456847,-0.936735577,-0.943530017,-0.931426204
75,15,STANDING,0.278915804,-0.018351636,-0.105910833,-0.988949247,-0.931900148,-0.951670258,0.9655289,-0.164713175,0.064597599,-0.988432085,-0.965687978,-0.958810153,-0.026243356,-0.065963752,0.076194674,-0.947790802,-0.971332584,-0.968167046,-0.961207616,-0.948600433,-0.961207616,-0.948600433,-0.946961381,-0.931286779
76,16,STANDING,0.283497403,-0.016599967,-0.103657729,-0.989076812,-0.960298268,-0.953468962,0.941587749,-0.057886705,-0.166737468,-0.98535969,-0.980552436,-0.959562831,-0.029933729,-0.068667733,0.086734271,-0.973400108,-0.980110277,-0.982357006,-0.969948825,-0.957294494,-0.969948825,-0.957294494,-0.972528178,-0.964105768
77,17,STANDING,0.277942503,-0.017412006,-0.111432146,-0.99116392,-0.968176664,-0.970462679,0.904678547,-0.257486818,-0.202687757,-0.985751366,-0.975810476,-0.969171762,-0.026957694,-0.077063213,0.088056187,-0.981373083,-0.985121165,-0.985538363,-0.977635981,-0.97537731,-0.977635981,-0.97537731,-0.978184577,-0.977680837
78,18,STANDING,0.278458806,-0.016635352,-0.108453356,-0.992019763,-0.954223436,-0.961873909,0.94757324,-0.204206321,-0.048576711,-0.994270075,-0.981335942,-0.976044291,-0.026587325,-0.073226013,0.084319068,-0.96225425,-0.980417134,-0.972820403,-0.972607495,-0.972285545,-0.972607495,-0.972285545,-0.963006793,-0.959797118
79,19,STANDING,0.27817226,-0.015424406,-0.109041905,-0.989910997,-0.944430271,-0.952599654,0.944045838,-0.223897808,0.130643718,-0.992411542,-0.971426608,-0.958862044,-0.025090574,-0.063142983,0.071052018,-0.946109712,-0.969576324,-0.960734258,-0.960505684,-0.962549342,-0.960505684,-0.962549342,-0.941745041,-0.937951032
80,20,STANDING,0.278076905,-0.018069505,-0.10040276,-0.967209961,-0.875410411,-0.913142482,0.911231752,-0.305938717,0.070865529,-0.981916942,-0.957462721,-0.942437326,-0.024133505,-0.069830892,0.077367145,-0.886749173,-0.903913941,-0.907343325,-0.922406857,-0.910672095,-0.922406857,-0.910672095,-0.883675029,-0.84368341
81,21,STANDING,0.276952243,-0.016708473,-0.110417856,-0.981419961,-0.943601625,-0.946123407,0.881213342,-0.346155559,-0.20768569,-0.982906669,-0.977681416,-0.958590002,-0.01917319,-0.073811587,0.086486327,-0.962514526,-0.955979193,-0.959327022,-0.958774298,-0.956919898,-0.958774298,-0.956919898,-0.949837152,-0.945614402
82,22,STANDING,0.279053862,-0.015856321,-0.104967424,-0.985000527,-0.922693288,-0.942201655,0.954064298,-0.226418774,0.032382498,-0.992827298,-0.971080743,-0.958890202,-0.027520176,-0.069006769,0.073346656,-0.917837043,-0.964714673,-0.96058251,-0.954807661,-0.939866315,-0.954807661,-0.939866315,-0.931624304,-0.900776556
83,23,STANDING,0.277899323,-0.017747555,-0.110597018,-0.98542152,-0.958444493,-0.929409745,0.919857126,-0.11740136,-0.223631181,-0.984610385,-0.984818649,-0.947199734,-0.032739775,-0.065226479,0.0816889,-0.94201124,-0.948074761,-0.962389689,-0.957212267,-0.951669858,-0.957212267,-0.951669858,-0.938430293,-0.923796566
84,24,STANDING,0.280348884,-0.014478534,-0.108222554,-0.987255871,-0.936871974,-0.93028353,0.96644228,-0.145201301,-0.05305854,-0.992197592,-0.968155389,-0.946184949,-0.027861151,-0.069254667,0.077124615,-0.96073866,-0.967298519,-0.969958678,-0.950061018,-0.947901012,-0.950061018,-0.947901012,-0.954518594,-0.953104779
85,25,STANDING,0.278013702,-0.016356973,-0.107352958,-0.991970127,-0.954569226,-0.964642688,0.929794733,-0.159316786,0.201182106,-0.993148268,-0.980642971,-0.967792579,-0.024794675,-0.069887685,0.085268544,-0.971357421,-0.976757621,-0.971814139,-0.972663592,-0.968075629,-0.972663592,-0.968075629,-0.967077443,-0.959884274
86,26,STANDING,0.281127035,-0.016660831,-0.110237796,-0.993069369,-0.949466155,-0.962988401,0.965460892,-0.140315422,0.088414268,-0.992678782,-0.966986434,-0.964228471,-0.024534584,-0.073138576,0.077670678,-0.973785111,-0.982408143,-0.974891361,-0.968511694,-0.962697299,-0.968511694,-0.962697299,-0.968673956,-0.962653586
87,27,STANDING,0.279566922,-0.016593236,-0.107835818,-0.991951584,-0.955171419,-0.962408445,0.965351492,-0.188504847,-0.005574169,-0.994012163,-0.979641052,-0.968169954,-0.026731654,-0.06750712,0.071684146,-0.969902008,-0.982498991,-0.981281807,-0.972753287,-0.966360115,-0.972753287,-0.966360115,-0.968702957,-0.965693334
88,28,STANDING,0.277795069,-0.017263512,-0.106579385,-0.977748639,-0.875689217,-0.905123824,0.948514848,-0.247656167,-0.03858305,-0.990059427,-0.962801442,-0.951782182,-0.025328154,-0.073900165,0.086517311,-0.884032232,-0.94000632,-0.925491443,-0.925471652,-0.917658334,-0.925471652,-0.917658334,-0.89424247,-0.876917546
89,29,STANDING,0.277965066,-0.017260587,-0.108659067,-0.996068635,-0.969295721,-0.980207489,0.974508732,-0.058487154,0.031614585,-0.996764227,-0.985134032,-0.984464544,-0.027607557,-0.072106068,0.082758377,-0.97799482,-0.990364876,-0.983368643,-0.984745319,-0.981745713,-0.984745319,-0.981745713,-0.98065734,-0.975358665
90,30,STANDING,0.277112699,-0.017016389,-0.10875621,-0.977559427,-0.891654527,-0.912850597,0.968556705,-0.100296804,0.024304436,-0.996420919,-0.958145763,-0.949207368,-0.027613854,-0.067033438,0.080251475,-0.911408518,-0.940705412,-0.930834684,-0.930573575,-0.916570441,-0.930573575,-0.916570441,-0.913890565,-0.887247637
91,1,WALKING,0.277330759,-0.017383819,-0.111148104,-0.283740259,0.114461337,-0.260027902,0.935223201,-0.282165021,-0.068102864,-0.976609643,-0.971305961,-0.947717226,-0.041830964,-0.069530046,0.084944817,-0.473535486,-0.054607769,-0.344266629,-0.136971177,-0.219688646,-0.136971177,-0.219688646,-0.160979553,-0.186978365
92,2,WALKING,0.276426586,-0.01859492,-0.105500358,-0.423642838,-0.078091253,-0.425257525,0.913017333,-0.34660709,0.084727087,-0.972693201,-0.97211688,-0.972072848,-0.053025816,-0.048238232,0.082833663,-0.561550256,-0.538453668,-0.481085535,-0.290407594,-0.422544169,-0.290407594,-0.422544169,-0.446549093,-0.553019916
93,3,WALKING,0.275567462,-0.017176784,-0.11267486,-0.360356726,-0.069914065,-0.387411994,0.936506743,-0.261986358,-0.138107866,-0.977771591,-0.962355639,-0.952091795,-0.025640519,-0.077915094,0.081348594,-0.57186956,-0.56379326,-0.476696412,-0.254690333,-0.328428937,-0.254690333,-0.328428937,-0.466411754,-0.561510683
94,4,WALKING,0.278582015,-0.014839948,-0.111403065,-0.440829971,-0.078826737,-0.586252807,0.963999697,-0.085854027,0.127764113,-0.983826495,-0.967963221,-0.962968112,-0.031798256,-0.072690528,0.080567716,-0.500916659,-0.665394093,-0.662608226,-0.312050574,-0.527679103,-0.312050574,-0.527679103,-0.497792201,-0.553116111
95,5,WALKING,0.277842346,-0.017285032,-0.107741776,-0.294098534,0.076748403,-0.457021436,0.97262496,-0.100440285,0.002476236,-0.979348381,-0.961585475,-0.964580804,-0.04889199,-0.069013525,0.08154355,-0.490877498,-0.50462203,-0.318700615,-0.158338674,-0.377178733,-0.158338674,-0.377178733,-0.355933084,-0.492176824
96,6,WALKING,0.283658868,-0.016895419,-0.110303166,-0.296538717,0.164213885,-0.504324207,0.958067455,-0.214694852,0.033188883,-0.977779896,-0.964248568,-0.957205026,-0.025509619,-0.074446247,0.08388088,-0.446020953,-0.331702268,-0.383139335,-0.166840714,-0.266734167,-0.166840714,-0.266734167,-0.281207841,-0.365602917
97,7,WALKING,0.275592962,-0.018653665,-0.110912235,-0.327243241,-0.077261856,0.159631283,0.932566472,-0.159097004,-0.160846924,-0.979851271,-0.969404155,-0.952159771,0.002288352,-0.083711372,0.06411046,-0.503313517,-0.231098305,-0.396013535,-0.097809044,-0.198554708,-0.097809044,-0.198554708,-0.305959351,-0.198283167
98,8,WALKING,0.27468631,-0.018662887,-0.107252091,-0.173605736,0.380782053,-0.142088532,0.913586348,-0.217102195,-0.186267837,-0.97475205,-0.956781506,-0.956640105,0.023508823,-0.095791791,0.050965792,-0.199209718,-0.211997278,-0.075444784,0.051678628,-0.180407283,0.051678628,-0.180407283,-0.003102438,-0.238746704
99,9,WALKING,0.278502842,-0.018089197,-0.110820512,-0.238353563,-0.201696961,-0.057963647,0.95186708,-0.031434174,-0.115856121,-0.980971974,-0.971242423,-0.955523996,-0.08083606,-0.062559871,0.11162978,-0.476163507,-0.467054168,-0.265683521,-0.09808405,-0.37942877,-0.09808405,-0.37942877,-0.294542267,-0.489725812
100,10,WALKING,0.278574077,-0.017022351,-0.109057512,-0.178709734,-0.022743165,-0.395645072,0.96309215,-0.083827701,0.054927624,-0.974435158,-0.97111472,-0.957862728,0.010689498,-0.081954078,0.098669573,-0.414205475,-0.250853319,-0.174524869,-0.127400912,-0.185602396,-0.127400912,-0.185602396,-0.15645873,-0.402025136
101,11,WALKING,0.271821893,-0.016647583,-0.106096304,-0.422842072,-0.052212075,-0.530626311,0.946468451,-0.21204587,0.134053215,-0.981101014,-0.966240554,-0.960852684,-0.0426929,-0.070510497,0.08437445,-0.596346931,-0.499625287,-0.434178203,-0.288323472,-0.487735915,-0.288323472,-0.487735915,-0.421801674,-0.558362783
102,12,WALKING,0.277128666,-0.015560928,-0.103161106,-0.128898533,-0.12278329,-0.410606063,0.966873515,-0.15598345,-0.036084288,-0.97911312,-0.964619174,-0.950276227,-0.104513671,-0.034429108,0.099973912,-0.546263471,-0.449401398,-0.350170287,-0.10220455,-0.236972869,-0.10220455,-0.236972869,-0.355930365,-0.413208341
103,13,WALKING,0.27588313,-0.018566065,-0.111431456,-0.346980394,0.141866689,-0.220503537,0.910855709,-0.283658581,-0.131299719,-0.972544922,-0.960899846,-0.948637588,-0.017420763,-0.07984725,0.078420564,-0.376059914,-0.29002355,-0.363369948,-0.135643868,-0.292546377,-0.135643868,-0.292546377,-0.218669558,-0.253240072
104,14,WALKING,0.271959599,-0.021778538,-0.106756369,-0.402639098,-0.053612669,0.051884104,0.802973962,-0.270314823,-0.422495268,-0.974816884,-0.954455936,-0.94751697,-0.003476551,-0.082968285,0.051322272,-0.600388222,-0.01483926,-0.1260908,-0.144404672,-0.363805628,-0.144404672,-0.363805628,-0.137208742,-0.201401931
105,15,WALKING,0.273899208,-0.017080974,-0.10762182,-0.327961801,0.138912924,-0.518932635,0.951524391,-0.233918283,0.075735673,-0.978397288,-0.971056501,-0.958058765,-0.055488385,-0.061242788,0.084248492,-0.32962462,-0.420865008,-0.486532655,-0.186514651,-0.323878324,-0.186514651,-0.323878324,-0.243711124,-0.425798469
106,16,WALKING,0.276023565,-0.020428693,-0.10880405,-0.404692524,-0.314569762,-0.15979979,0.925981326,-0.066824647,-0.217351194,-0.982469595,-0.973784842,-0.961387254,-0.015172191,-0.069595569,0.081865074,-0.654171847,-0.612593634,-0.365489531,-0.258766694,-0.471809267,-0.258766694,-0.471809267,-0.485931933,-0.665078404
107,17,WALKING,0.272341855,-0.01848754,-0.109792122,-0.319500173,-0.017579789,-0.265824489,0.928112369,-0.179927383,-0.19026595,-0.980983352,-0.968613203,-0.956903248,-0.009222655,-0.083977334,0.075713266,-0.479813513,-0.454932904,-0.386044435,-0.151151488,-0.461837867,-0.151151488,-0.461837867,-0.335009837,-0.522494764
108,18,WALKING,0.273887759,-0.017802363,-0.104218315,-0.376005521,-0.227005875,-0.428348061,0.923865249,-0.254317086,-0.060931342,-0.983010883,-0.975311659,-0.972483849,-0.039939972,-0.061372736,0.094471839,-0.704439778,-0.49643154,-0.511417205,-0.287908078,-0.460346465,-0.287908078,-0.460346465,-0.500471148,-0.608510091
109,19,WALKING,0.273931172,-0.019177359,-0.122736673,-0.048904941,0.181801561,-0.139477942,0.935222559,-0.2233381,-0.08984288,-0.969861463,-0.9586512,-0.929187931,-0.027497098,-0.075156933,0.079810698,-0.026435796,-0.114406109,-0.104202986,0.064817344,-0.099392717,0.064817344,-0.099392717,0.100045071,-0.021846317
110,20,WALKING,0.272589336,-0.021199992,-0.113539477,-0.208342792,0.489771809,-0.228734217,0.899965206,-0.344443913,-0.035130214,-0.970327266,-0.962003384,-0.95385044,-0.023410423,-0.074105055,0.085135993,-0.232940614,0.085832152,-0.165748467,0.039402281,-0.156930392,0.039402281,-0.156930392,0.068627515,-0.036785319
111,21,WALKING,0.279183527,-0.018161032,-0.104319332,-0.297814844,0.054088051,-0.168688726,0.862524801,-0.370984549,-0.22094796,-0.969576355,-0.964144521,-0.974939388,-0.045932339,-0.059029444,0.098371593,-0.432232884,-0.397892317,-0.311875599,-0.123455662,-0.299709752,-0.123455662,-0.299709752,-0.284775645,-0.408304434
112,22,WALKING,0.27886459,-0.016721361,-0.107112511,-0.008659219,0.100384246,-0.213351969,0.93609641,-0.259644937,0.023378006,-0.969643448,-0.96363934,-0.955147847,0.000777157,-0.096088073,0.077526659,-0.318537866,-0.486322107,-0.151439515,0.072241912,-0.161591787,0.072241912,-0.161591787,-0.210608044,-0.390775684
113,23,WALKING,0.273211884,-0.018361871,-0.113382994,-0.313521773,-0.119020587,0.164220685,0.939809689,-0.16176137,-0.16076336,-0.977230904,-0.966550707,-0.932981342,-0.063115687,-0.064019792,0.107700451,-0.494322649,0.259457229,-0.209634888,-0.09887702,-0.209989355,-0.09887702,-0.209989355,-0.012096826,0.163346452
114,24,WALKING,0.276980816,-0.02254464,-0.110595953,-0.470762366,-0.154127498,-0.288840016,0.959701081,-0.115116242,-0.14091003,-0.9831324,-0.962578844,-0.962822967,-0.054512687,-0.065843588,0.097200632,-0.580597373,-0.48716628,-0.396154003,-0.299983614,-0.481064019,-0.299983614,-0.481064019,-0.403064157,-0.563863213
115,25,WALKING,0.278992759,-0.018647762,-0.108737636,-0.596007444,-0.161852412,-0.437133403,0.937483114,-0.127315871,0.188416273,-0.979499263,-0.965093441,-0.944995731,-0.015630538,-0.082076807,0.086786874,-0.401158754,-0.604032097,-0.562775245,-0.40528943,-0.565601466,-0.40528943,-0.565601466,-0.394362401,-0.489809386
116,26,WALKING,0.279264444,-0.015425959,-0.108927011,-0.340185528,-0.136351392,-0.333486503,0.960647755,-0.133922185,0.1087387,-0.980055651,-0.969040314,-0.966231562,-0.003340859,-0.084150765,0.085106925,-0.492885711,-0.575735448,-0.354549059,-0.223399172,-0.421848314,-0.223399172,-0.421848314,-0.392092024,-0.538329286
117,27,WALKING,0.276849485,-0.016647878,-0.112822289,-0.348475561,-0.187301215,-0.297318274,0.944759287,-0.187497035,-0.126210937,-0.979866137,-0.973793,-0.956593491,-0.085588357,-0.036534816,0.11826775,-0.606860249,-0.529865058,-0.250120409,-0.238853875,-0.407355787,-0.238853875,-0.407355787,-0.396638754,-0.482452356
118,28,WALKING,0.281228224,-0.015675972,-0.103714705,-0.293003522,-0.117886186,-0.300928396,0.942930276,-0.229316151,-0.125912861,-0.976693903,-0.96878086,-0.944225032,-0.105896208,-0.017282217,0.116065911,-0.503798624,-0.497684007,-0.242601385,-0.18066602,-0.39269402,-0.18066602,-0.39269402,-0.310775946,-0.460511661
119,29,WALKING,0.271999917,-0.01629156,-0.106632427,-0.17433794,-0.091754061,-0.242828038,0.962374385,-0.127318079,0.095579214,-0.978253539,-0.975272848,-0.945981437,-0.007956682,-0.081960153,0.085685224,-0.598868671,-0.181802637,-0.430232441,-0.095521339,-0.262695064,-0.095521339,-0.262695064,-0.280573268,-0.358814097
120,30,WALKING,0.276406758,-0.017588039,-0.098624707,-0.346394275,-0.173550022,-0.120476784,0.965217551,-0.157673824,-0.003925564,-0.979752467,-0.970176562,-0.943958421,-0.045950536,-0.064917093,0.083956824,-0.387920594,0.006002779,-0.182569652,-0.195140033,-0.359873412,-0.195140033,-0.359873412,-0.02296408,-0.266845731
121,1,WALKING_DOWNSTAIRS,0.28918832,-0.009918505,-0.107566191,0.030035338,-0.031935943,-0.230434213,0.931874419,-0.266610339,-0.062119959,-0.950559812,-0.937018659,-0.895939695,-0.03507819,-0.090937129,0.090085014,-0.458030543,-0.126349195,-0.124702454,0.027188291,0.019884351,0.027188291,0.019884351,-0.075741254,-0.225724368
122,2,WALKING_DOWNSTAIRS,0.277615348,-0.022661416,-0.116812942,0.046366681,0.262881789,-0.102837908,0.861831346,-0.325780101,-0.043889016,-0.94036176,-0.940068526,-0.931438313,-0.115947353,-0.004823292,0.097173809,-0.32078923,-0.415739145,-0.279418388,0.08995112,0.215586335,0.08995112,0.215586335,-0.162188587,-0.274844111
123,3,WALKING_DOWNSTAIRS,0.292423485,-0.019355408,-0.116139843,-0.057410048,-0.033150372,-0.362240245,0.939057788,-0.228829214,-0.102352758,-0.95006113,-0.946094638,-0.899943948,-0.131573276,-0.013935804,0.123826738,-0.261653414,-0.546740388,-0.442307768,-0.062812612,-0.041134008,-0.062812612,-0.041134008,-0.215294501,-0.245794699
124,4,WALKING_DOWNSTAIRS,0.27996533,-0.009802009,-0.106777525,0.01119355,-0.218598325,-0.479185977,0.947731859,-0.062085277,0.148714809,-0.955258881,-0.932066041,-0.937753794,-0.102838823,-0.070402595,0.059263949,-0.370244695,-0.699453537,-0.4984808,-0.049161673,-0.081955904,-0.049161673,-0.081955904,-0.346606293,-0.380572625
125,5,WALKING_DOWNSTAIRS,0.293543927,-0.008501075,-0.100319931,0.27504611,0.090763076,-0.325891435,0.956649353,-0.060757832,0.021677791,-0.950490939,-0.912363421,-0.927192733,-0.06829457,-0.0707806,0.080655999,-0.460646845,-0.409134149,-0.227869042,0.211138854,0.205422376,0.211138854,0.205422376,-0.218029835,-0.360678305
126,6,WALKING_DOWNSTAIRS,0.277045258,-0.01953684,-0.107209356,0.38368164,0.360164959,-0.320204233,0.928531455,-0.214046334,-0.003079817,-0.954406268,-0.933577601,-0.934378766,-0.096083744,-0.034178221,0.08700126,-0.198303853,-0.18922957,-0.094079793,0.333754731,0.373611914,0.333754731,0.373611914,0.014267782,-0.042627675
127,7,WALKING_DOWNSTAIRS,0.28030708,-0.016633237,-0.096938309,0.06608156,-0.138179073,-0.063640245,0.930623633,-0.129871673,-0.154935539,-0.964875963,-0.952678694,-0.928756469,-0.105409613,-0.049717461,0.116894769,-0.407744096,-0.292626136,-0.401051416,0.019879529,0.214544028,0.019879529,0.214544028,-0.188740819,-0.259751603
128,8,WALKING_DOWNSTAIRS,0.283484089,-0.021105867,-0.107598135,0.024139347,0.343826273,0.13371704,0.914023498,-0.187610243,-0.141817935,-0.945766562,-0.941580934,-0.897190013,-0.121189626,-0.050076017,0.114143855,-0.258430886,0.024313121,-0.129565243,0.176599312,0.131337867,0.176599312,0.131337867,0.099342974,-0.046629187
129,9,WALKING_DOWNSTAIRS,0.295923445,-0.020399427,-0.091027879,0.213392271,-0.208310706,-0.0077153,0.938417773,-0.035230465,-0.082276175,-0.952141221,-0.936306559,-0.876641297,-0.091638301,-0.071259884,0.116804401,-0.396429198,-0.340765233,-0.27968515,0.145886358,0.265120131,0.145886358,0.265120131,-0.168921401,-0.322331465
130,10,WALKING_DOWNSTAIRS,0.290401594,-0.020005077,-0.110848597,0.295733548,0.004079154,-0.183557562,0.939807421,-0.064616077,0.041871541,-0.939267613,-0.937003824,-0.902085225,-0.124839594,-0.106742539,0.072443369,-0.304745377,-0.311407525,-0.035302184,0.250843769,0.156998205,0.250843769,0.156998205,-0.023846804,-0.280382851
131,11,WALKING_DOWNSTAIRS,0.291605632,-0.017809772,-0.11107015,0.142456557,0.070812273,-0.324026938,0.941746407,-0.200321943,0.132371685,-0.954497499,-0.92631047,-0.925814906,-0.125068699,-0.026277535,0.057524457,-0.374069024,-0.49591172,-0.318959595,0.126227657,0.050774365,0.126227657,0.050774365,-0.19788336,-0.339349828
132,12,WALKING_DOWNSTAIRS,0.281521097,-0.018084267,-0.109555932,0.042408492,0.110835344,-0.425017413,0.949861981,-0.178702175,-0.056105062,-0.959504017,-0.943298428,-0.935399348,-0.112531564,-0.042733669,0.089543498,-0.362143062,-0.476287743,-0.337806681,0.018313943,0.097260827,0.018313943,0.097260827,-0.213351511,-0.320458626
133,13,WALKING_DOWNSTAIRS,0.294907553,-0.014372384,-0.101993942,-0.068156363,-0.032125247,-0.158333146,0.94187562,-0.211555113,-0.095082034,-0.952643084,-0.928544371,-0.893962984,-0.122672202,-0.023720572,0.11128424,-0.417014162,-0.198848161,-0.322774083,-0.02946343,-0.01560982,-0.02946343,-0.01560982,-0.102114481,-0.236762631
134,14,WALKING_DOWNSTAIRS,0.293422116,-0.020014141,-0.092833017,0.01783134,0.378870492,0.451576075,0.81629643,-0.264254675,-0.392555882,-0.919098794,-0.920725941,-0.879565317,-0.014707965,-0.094528841,0.035334454,-0.354551638,0.056990222,0.356198597,0.185537707,0.428405923,0.185537707,0.428405923,0.166340012,-0.066514457
135,15,WALKING_DOWNSTAIRS,0.280198851,-0.005630478,-0.110526066,0.406471051,0.186532377,-0.281982182,0.9323022,-0.167462317,0.078882241,-0.942806478,-0.925685894,-0.93400831,-0.136618653,-0.034675573,0.07117582,-0.318692526,-0.37320816,-0.250648086,0.320449387,0.353204008,0.320449387,0.353204008,-0.121686321,-0.284249712
136,16,WALKING_DOWNSTAIRS,0.295586802,-0.018389858,-0.119873705,0.207251998,-0.146993838,0.011435394,0.917818427,-0.058483268,-0.225382496,-0.957785118,-0.955487794,-0.910588943,-0.022537337,-0.068264793,0.083538006,-0.454188471,-0.528329305,-0.444636335,0.191079794,0.119183741,0.191079794,0.119183741,-0.309820427,-0.422315317
137,17,WALKING_DOWNSTAIRS,0.293918283,-0.01673594,-0.089243275,0.18771976,-0.060789204,-0.231064157,0.928817578,-0.151077058,-0.160962986,-0.950026242,-0.946576676,-0.901097767,0.067772839,-0.123517196,0.016287875,-0.370436869,-0.45928199,-0.468462984,0.148951104,0.091407676,0.148951104,0.091407676,-0.232641763,-0.352687281
138,18,WALKING_DOWNSTAIRS,0.288439469,-0.016866692,-0.103390809,-0.302634565,-0.254214046,-0.418610127,0.932277478,-0.225809125,-0.049363673,-0.960404875,-0.932962218,-0.92166175,-0.057654866,-0.063621434,0.098747168,-0.502473034,-0.617230786,-0.483658261,-0.293531974,-0.229934247,-0.293531974,-0.229934247,-0.381022815,-0.507995478
139,19,WALKING_DOWNSTAIRS,0.262688054,-0.014594228,-0.133695241,0.626917071,0.514816446,0.049322451,0.881940855,-0.215018042,-0.126146869,-0.899726139,-0.917880864,-0.899363132,-0.205775427,0.027470756,0.163962511,0.267657219,0.048314774,-0.031408346,0.644604325,0.413472377,0.644604325,0.413472377,0.418004609,0.237821232
140,20,WALKING_DOWNSTAIRS,0.296144421,-0.009641208,-0.104602926,0.074509879,0.616937015,-0.160938536,0.91972663,-0.277419719,-0.028259158,-0.940458075,-0.908577154,-0.919693533,-0.111367748,0.01390234,0.103900481,-0.204939568,-0.146794177,0.15972353,0.221851588,0.172636361,0.221851588,0.172636361,0.093841944,-0.030576244
141,21,WALKING_DOWNSTAIRS,0.30146102,-0.017319539,-0.098168662,0.224343492,0.3013364,-0.071789356,0.872683206,-0.35667329,-0.187870253,-0.940194828,-0.940111831,-0.916324557,-0.126388024,0.01621453,0.148610021,-0.442148618,-0.353733478,-0.349759494,0.245771699,0.264341904,0.245771699,0.264341904,-0.18485002,-0.388420329
142,22,WALKING_DOWNSTAIRS,0.284458964,-0.019799937,-0.10741578,0.348618168,0.239812251,-0.325722718,0.921820642,-0.222215179,0.041298796,-0.941242335,-0.945824353,-0.906594023,-0.077961121,-0.069715446,0.050070876,-0.237349191,-0.550303217,-0.280417951,0.330999222,0.133267479,0.330999222,0.133267479,-0.16133331,-0.263921984
143,23,WALKING_DOWNSTAIRS,0.289897411,-0.016211146,-0.098812371,0.044139284,0.108259034,0.229898743,0.923711401,-0.110028842,-0.153671532,-0.950790837,-0.93901255,-0.905888258,-0.057823019,-0.085307746,0.09536025,-0.416133033,0.213825552,-0.208702488,0.127211138,0.230363964,0.127211138,0.230363964,0.039091548,0.05399729
144,24,WALKING_DOWNSTAIRS,0.288631209,-0.014573035,-0.10481882,-0.082732481,-0.102607327,-0.205566381,0.950883417,-0.128326711,-0.140123155,-0.961845327,-0.941478979,-0.942207719,-0.086706901,-0.054230025,0.111973651,-0.431919068,-0.484673524,-0.491077245,-0.073769916,-0.022483912,-0.073769916,-0.022483912,-0.304965806,-0.363694877
145,25,WALKING_DOWNSTAIRS,0.291329666,-0.021017052,-0.107192377,-0.253756934,-0.140540604,-0.457972382,0.929627532,-0.072427018,0.218795958,-0.964470067,-0.937816011,-0.926191696,0.002991129,-0.101115076,0.098075025,-0.288824755,-0.523377915,-0.443780454,-0.220108595,-0.25946525,-0.220108595,-0.25946525,-0.216082566,-0.382160921
146,26,WALKING_DOWNSTAIRS,0.279284583,-0.01262581,-0.106439619,0.17395385,-0.01162991,-0.284807676,0.946797272,-0.079900373,0.15390632,-0.962721992,-0.935425855,-0.933081768,-0.010752208,-0.100382204,0.0822214,-0.331312914,-0.47340805,-0.332050239,0.114379384,0.147001679,0.114379384,0.147001679,-0.235314623,-0.296158292
147,27,WALKING_DOWNSTAIRS,0.297544188,-0.013556447,-0.112837695,0.167407531,-0.097971003,-0.240040783,0.931380179,-0.166938775,-0.140047614,-0.946975165,-0.934963993,-0.920921522,-0.159826552,-0.016313159,0.152695028,-0.363722908,-0.481813368,-0.257846157,0.108071383,0.121176278,0.108071383,0.121176278,-0.164783207,-0.30795209
148,28,WALKING_DOWNSTAIRS,0.293642077,-0.022023047,-0.108588974,0.125712888,0.156496647,-0.341031812,0.92929168,-0.235897105,-0.121477256,-0.956921542,-0.948404212,-0.91705975,-0.14109631,0.007105643,0.138622426,-0.268106331,-0.259368687,-0.307025006,0.104359217,0.135465564,0.104359217,0.135465564,-0.068246324,-0.224484145
149,29,WALKING_DOWNSTAIRS,0.293140441,-0.014941215,-0.098133998,0.167383602,-0.122463467,-0.223178,0.948486215,-0.076096295,0.091965045,-0.941736193,-0.913903064,-0.869300905,-0.037412607,-0.085104589,0.082224407,-0.282077258,-0.390460138,-0.311122615,0.103705166,0.13448115,0.103705166,0.13448115,-0.122968109,-0.267409798
150,30,WALKING_DOWNSTAIRS,0.283190647,-0.01743839,-0.099978142,-0.057770316,-0.027262808,-0.21727569,0.958000491,-0.126710372,0.028808167,-0.958890389,-0.918678752,-0.87766706,-0.07455913,-0.069311241,0.08957678,-0.265923161,-0.285392416,-0.295370363,-0.037390112,-0.013577121,-0.037390112,-0.013577121,-0.095537321,-0.208267542
151,1,WALKING_UPSTAIRS,0.25546169,-0.023953149,-0.097302002,-0.354708025,-0.002320265,-0.019479239,0.893351098,-0.362153364,-0.07540294,-0.956367028,-0.952849233,-0.91237941,0.05054938,-0.166170015,0.058359546,-0.544871105,0.004105184,-0.507168675,-0.129927631,-0.324970929,-0.129927631,-0.324970929,-0.12673559,-0.148619318
152,2,WALKING_UPSTAIRS,0.24716479,-0.021412113,-0.1525139,-0.304376406,0.10802728,-0.112121021,0.790717419,-0.41621489,-0.195888239,-0.93440774,-0.923767454,-0.878004057,-0.057691263,-0.03208831,0.068837402,-0.439253059,-0.466298337,-0.163995792,-0.10732268,-0.205977045,-0.10732268,-0.205977045,-0.219713473,-0.377532168
153,3,WALKING_UPSTAIRS,0.260819873,-0.032410941,-0.110064863,-0.313123438,0.011628081,-0.369754604,0.883533436,-0.382851154,-0.162943955,-0.944040819,-0.909825954,-0.909469675,0.072198031,-0.139275406,0.02156037,-0.456039263,-0.582742846,-0.492327305,-0.184014895,-0.333597433,-0.184014895,-0.333597433,-0.347321812,-0.408886653
154,4,WALKING_UPSTAIRS,0.270876697,-0.03198043,-0.114219456,-0.204933043,-0.066689911,-0.372137778,0.946264314,-0.232944305,0.084167538,-0.958495236,-0.923376019,-0.919619453,0.03938252,-0.085947168,0.084375384,-0.454431043,-0.551185569,-0.360811048,-0.153703935,-0.2120123,-0.153703935,-0.2120123,-0.299779408,-0.510974134
155,5,WALKING_UPSTAIRS,0.26845947,-0.032526976,-0.107471454,-0.045723778,0.185022459,-0.308938979,0.936821835,-0.265942569,-0.023203536,-0.953579969,-0.90051172,-0.92141958,0.039519112,-0.117195552,0.042444282,-0.443342262,-0.440345826,-0.265451333,0.043556202,-0.136736384,0.043556202,-0.136736384,-0.235516929,-0.35468787
156,6,WALKING_UPSTAIRS,0.268229355,-0.027242539,-0.122082439,-0.050135019,0.189276117,-0.353519515,0.913632242,-0.340732609,-0.018460896,-0.959399425,-0.912900683,-0.906196352,-0.076740683,-0.051898199,0.066423403,-0.321973724,-0.315799902,-0.183900182,0.017779097,-0.079150884,0.017779097,-0.079150884,-0.129121244,-0.19989371
157,7,WALKING_UPSTAIRS,0.248706923,-0.027563901,-0.143769689,-0.294872974,-0.326160023,-0.145665026,0.81874656,-0.240950944,-0.40359971,-0.932823053,-0.939774255,-0.88167591,-0.138778108,-0.00247162,0.139217072,-0.363853237,-0.572996821,-0.348980051,-0.198074438,-0.334744607,-0.198074438,-0.334744607,-0.239099166,-0.418144852
158,8,WALKING_UPSTAIRS,0.258880152,-0.028241514,-0.11512212,-0.171712175,0.348768733,0.121187279,0.860368719,-0.291341492,-0.192306961,-0.926673288,-0.931032069,-0.87616893,0.192704476,-0.204205356,-0.072454603,-0.367428367,-0.066698086,0.337526477,0.121026629,-0.227200254,0.121026629,-0.227200254,0.166447991,-0.109327924
159,9,WALKING_UPSTAIRS,0.262436476,-0.01951011,-0.125219004,-0.361444378,-0.302206204,-0.253434084,0.902647778,-0.037794782,-0.266009867,-0.954383557,-0.901317322,-0.894071079,-0.16396719,-0.041258791,0.145694626,-0.343976631,-0.400859068,-0.138176481,-0.260727581,-0.400222037,-0.260727581,-0.400222037,-0.083323449,-0.425839761
160,10,WALKING_UPSTAIRS,0.267121853,-0.014385492,-0.118180421,-0.161591924,-0.005552877,-0.073874493,0.931861027,-0.056567028,0.02275277,-0.959216072,-0.937039417,-0.864745838,0.073344717,-0.095460022,0.087966418,-0.308534708,0.041172467,-0.320509332,-0.026662329,-0.21153748,-0.026662329,-0.21153748,0.043857385,-0.113062674
161,11,WALKING_UPSTAIRS,0.263775859,-0.030315782,-0.106797216,-0.238802959,-0.103167502,-0.203369399,0.892626156,-0.343576925,0.146633747,-0.953463106,-0.924360833,-0.906933171,-0.08209097,-0.056692881,0.063805438,-0.50133163,-0.28204454,-0.694658852,-0.132594624,-0.289592148,-0.132594624,-0.289592148,-0.255048337,-0.377909862
162,12,WALKING_UPSTAIRS,0.272970339,-0.02635749,-0.10733973,-0.290149192,-0.10381826,-0.436697426,0.938371473,-0.259144203,-0.070250382,-0.96024629,-0.941378352,-0.938071183,-0.09312341,-0.041131452,0.089802276,-0.526659296,-0.522949798,-0.349614606,-0.229183927,-0.285844036,-0.229183927,-0.285844036,-0.316561586,-0.525686949
163,13,WALKING_UPSTAIRS,0.25820394,-0.027739225,-0.125767266,-0.296284597,0.104470774,-0.217210568,0.847634313,-0.357404502,-0.207507171,-0.946441502,-0.922054969,-0.910271096,-0.138293762,0.003819669,0.116679563,-0.541066687,-0.40357217,-0.211805112,-0.101153502,-0.326339622,-0.101153502,-0.326339622,-0.237182958,-0.415658606
164,14,WALKING_UPSTAIRS,0.262421066,-0.020438818,-0.112279689,-0.309396718,0.307195533,0.609017879,0.688256122,-0.322680365,-0.49508872,-0.928523641,-0.907231431,-0.875450819,0.081384169,-0.12349957,-0.044138189,-0.454283338,0.476518714,0.564875818,0.140108204,-0.019768669,0.140108204,-0.019768669,0.365779419,0.29997598
165,15,WALKING_UPSTAIRS,0.270187596,-0.028752386,-0.116952465,-0.026097184,-0.00406536,-0.379717488,0.918544812,-0.314961013,0.081180341,-0.952562396,-0.927648821,-0.921618479,0.090334003,-0.154721289,0.091168148,-0.415251318,-0.330233235,-0.477365945,-0.000971395,-0.136552217,-0.000971395,-0.136552217,-0.201217274,-0.288429009
166,16,WALKING_UPSTAIRS,0.255986103,-0.014365495,-0.124074518,-0.397083832,-0.163732745,-0.129283826,0.826874283,-0.080592603,-0.379059698,-0.948413553,-0.933657461,-0.907649559,0.071840888,-0.048613679,-0.00779288,-0.508087167,-0.586382894,-0.36502517,-0.233990332,-0.33479508,-0.233990332,-0.33479508,-0.308260568,-0.518189646
167,17,WALKING_UPSTAIRS,0.252604769,-0.022864561,-0.121290442,-0.062952754,-0.013172101,-0.230220954,0.853530566,-0.284153753,-0.298171464,-0.949460372,-0.915973466,-0.930159844,-0.030425057,-0.054845594,0.056093136,-0.496562733,-0.493044125,-0.234402351,-0.012806228,-0.10287773,-0.012806228,-0.10287773,-0.235191249,-0.44083726
168,18,WALKING_UPSTAIRS,0.265401202,-0.022206068,-0.112655891,-0.380168287,-0.21115512,-0.314373391,0.883330258,-0.316619946,-0.106112549,-0.961738807,-0.942056881,-0.907839724,-0.047068392,-0.052613382,0.090673648,-0.593841504,-0.507297003,-0.433922212,-0.279146313,-0.37184157,-0.279146313,-0.37184157,-0.3691086,-0.528058134
169,19,WALKING_UPSTAIRS,0.242118809,-0.030398662,-0.151054608,-0.128742095,0.176349923,-0.19046855,0.829428373,-0.387100709,-0.221008763,-0.916495992,-0.901044851,-0.836935675,0.038853709,-0.134514321,-0.000233248,-0.406800033,-0.172633224,-0.110117175,0.017381193,-0.177666828,0.017381193,-0.177666828,-0.061615771,-0.264401443
170,20,WALKING_UPSTAIRS,0.252098317,-0.028225805,-0.121023948,-0.116088676,0.152196328,-0.229249455,0.777095717,-0.479894843,-0.130117635,-0.931405014,-0.924594354,-0.904064094,0.065919326,-0.174650965,0.058701942,-0.492701194,-0.104722161,0.184119333,0.008725025,-0.198269719,0.008725025,-0.198269719,0.022330254,-0.253929986
171,21,WALKING_UPSTAIRS,0.265194545,-0.02372187,-0.125414265,-0.240808282,0.109787469,-0.219707929,0.781177211,-0.432309617,-0.309735039,-0.940911636,-0.941523624,-0.932716254,0.062608689,-0.155622431,-0.005468298,-0.531909419,-0.463136841,0.051715542,-0.081045319,-0.278474284,-0.081045319,-0.278474284,-0.168982721,-0.420236003
172,22,WALKING_UPSTAIRS,0.248391535,-0.026862256,-0.117550862,0.083573864,0.250067524,-0.109613216,0.889454383,-0.33682691,-0.095797899,-0.94063384,-0.941620222,-0.913153632,0.134978808,-0.181458414,0.015735924,-0.30149171,-0.489417909,-0.157758061,0.210282608,-0.158757475,0.210282608,-0.158757475,-0.128031924,-0.202558177
173,23,WALKING_UPSTAIRS,0.249995171,-0.032384403,-0.126890617,-0.243887819,0.044843579,0.100801189,0.84343881,-0.214481808,-0.35593445,-0.933344482,-0.910474557,-0.90206591,0.095794025,-0.111564389,-0.032555752,-0.550664577,-0.293681861,-0.031730115,-0.011753687,-0.271893714,-0.011753687,-0.271893714,-0.156527149,-0.366732989
174,24,WALKING_UPSTAIRS,0.269881107,-0.025197943,-0.114248611,-0.344399351,-0.116804489,-0.255601013,0.906369501,-0.237498409,-0.227134869,-0.962190567,-0.91669078,-0.934952939,0.088316377,-0.105932947,0.02482907,-0.577426409,-0.568534125,-0.274596284,-0.226402822,-0.30685447,-0.226402822,-0.30685447,-0.33443584,-0.50392906
175,25,WALKING_UPSTAIRS,0.277995411,-0.026986352,-0.12621044,-0.459775646,-0.223086809,-0.296523975,0.92769324,-0.217641282,0.108230987,-0.95087845,-0.931758273,-0.882722399,0.055612192,-0.109437658,0.099622739,-0.489011795,-0.433673384,-0.564195609,-0.305772199,-0.48000665,-0.305772199,-0.48000665,-0.3186347,-0.387754116
176,26,WALKING_UPSTAIRS,0.272691395,-0.02816338,-0.121943461,-0.169006952,-0.04917263,-0.404596937,0.942095257,-0.246169656,-0.001993106,-0.962011392,-0.937858158,-0.929636798,-0.024795083,-0.06576018,0.072145897,-0.550274396,-0.603097111,-0.309088055,-0.142874499,-0.150707107,-0.142874499,-0.150707107,-0.344427048,-0.51403241
177,27,WALKING_UPSTAIRS,0.265770254,-0.020095332,-0.123530438,-0.295439547,-0.095010408,-0.230707877,0.868000279,-0.22927866,-0.29464264,-0.956433875,-0.947713379,-0.926675381,-0.094034489,0.002124994,0.140129856,-0.562461005,-0.587966801,-0.169960785,-0.160589356,-0.379948786,-0.160589356,-0.379948786,-0.28614572,-0.501775426
178,28,WALKING_UPSTAIRS,0.262005842,-0.027944394,-0.121514026,-0.24206243,-0.146753877,-0.285986914,0.854508232,-0.333223997,-0.265207858,-0.9446978,-0.927641088,-0.900514013,-0.129362971,0.021225096,0.103720988,-0.518818228,-0.479319521,-0.189306813,-0.186240504,-0.211928666,-0.186240504,-0.211928666,-0.263415283,-0.476923345
179,29,WALKING_UPSTAIRS,0.265423067,-0.029946531,-0.118000588,-0.086771557,-0.122128288,0.09954435,0.929258954,-0.227120125,0.044378601,-0.954189013,-0.923007798,-0.858849467,0.093198946,-0.152328112,0.085431812,-0.323904732,0.046110305,-0.374815141,0.008343603,-0.041469605,0.008343603,-0.041469605,0.043962768,-0.080047615
180,30,WALKING_UPSTAIRS,0.271415642,-0.02533117,-0.124697494,-0.350504475,-0.127311158,0.024946803,0.93182983,-0.226647292,-0.02214011,-0.954033624,-0.914933936,-0.862402791,-0.003559746,-0.077960646,0.08146993,-0.493837521,-0.084048151,-0.21157358,-0.137627857,-0.327410816,-0.137627857,-0.327410816,-0.113608367,-0.169293534
